type,name,module,path,hash
"csv","agent-manifest","_config","_config/agent-manifest.csv","73bf01d775b288fdc7a57dc386e264604e5d5251e5ce1974dbcba8469cf4e480"
"csv","task-manifest","_config","_config/task-manifest.csv","4d40aa929231dc109a3e2183cf0238e77340e7f2d884045bde4e334d04571bd6"
"csv","workflow-manifest","_config","_config/workflow-manifest.csv","bb42a326592066764efcb6f6b4d0cc950663cb27b13901249b959e06152578e7"
"yaml","manifest","_config","_config/manifest.yaml","ea9db238dc77feed66866fdfb36feaf74e04434c41f915c19d39752e7bd2019c"
"md","documentation-standards","_memory","_memory/tech-writer-sidecar/documentation-standards.md","b046192ee42fcd1a3e9b2ae6911a0db38510323d072c8d75bad0594f943039e4"
"yaml","config","_memory","_memory/config.yaml","d7a4a1df5bddf110bdecff4ee37683ff1640ca47f50c8815c73b81790f1014ea"
"csv","default-party","bmm","bmm/teams/default-party.csv","5af107a5b9e9092aeb81bd8c8b9bbe7003afb7bc500e64d56da7cc27ae0c4a6e"
"csv","documentation-requirements","bmm","bmm/workflows/document-project/documentation-requirements.csv","d1253b99e88250f2130516b56027ed706e643bfec3d99316727a4c6ec65c6c1d"
"csv","domain-complexity","bmm","bmm/workflows/2-plan-workflows/create-prd/data/domain-complexity.csv","f775f09fb4dc1b9214ca22db4a3994ce53343d976d7f6e5384949835db6d2770"
"csv","domain-complexity","bmm","bmm/workflows/3-solutioning/create-architecture/data/domain-complexity.csv","3dc34ed39f1fc79a51f7b8fc92087edb7cd85c4393a891d220f2e8dd5a101c70"
"csv","module-help","bmm","bmm/module-help.csv","8013719913cfeef49b3101d9bc2873741e9f2e2e0fdcf17c461d5c87f9b59b82"
"csv","project-types","bmm","bmm/workflows/2-plan-workflows/create-prd/data/project-types.csv","7a01d336e940fb7a59ff450064fd1194cdedda316370d939264a0a0adcc0aca3"
"csv","project-types","bmm","bmm/workflows/3-solutioning/create-architecture/data/project-types.csv","12343635a2f11343edb1d46906981d6f5e12b9cad2f612e13b09460b5e5106e7"
"json","project-scan-report-schema","bmm","bmm/workflows/document-project/templates/project-scan-report-schema.json","8466965321f1db22f5013869636199f67e0113706283c285a7ffbbf5efeea321"
"md","architecture-decision-template","bmm","bmm/workflows/3-solutioning/create-architecture/architecture-decision-template.md","5d9adf90c28df61031079280fd2e49998ec3b44fb3757c6a202cda353e172e9f"
"md","checklist","bmm","bmm/workflows/4-implementation/code-review/checklist.md","e30d2890ba5c50777bbe04071f754e975a1d7ec168501f321a79169c4201dd28"
"md","checklist","bmm","bmm/workflows/4-implementation/correct-course/checklist.md","8420f652601d4ae1bb83e451b6b32b91544b09c4126320adf57aac624fb5907a"
"md","checklist","bmm","bmm/workflows/4-implementation/create-story/checklist.md","0694a44014e15c7724b6268b6d96a41cbbdb7a9a33597d787078e652f4223280"
"md","checklist","bmm","bmm/workflows/4-implementation/dev-story/checklist.md","630b68c6824a8785003a65553c1f335222b17be93b1bd80524c23b38bde1d8af"
"md","checklist","bmm","bmm/workflows/4-implementation/sprint-planning/checklist.md","80b10aedcf88ab1641b8e5f99c9a400c8fd9014f13ca65befc5c83992e367dd7"
"md","checklist","bmm","bmm/workflows/document-project/checklist.md","581b0b034c25de17ac3678db2dbafedaeb113de37ddf15a4df6584cf2324a7d7"
"md","checklist","bmm","bmm/workflows/qa-generate-e2e-tests/checklist.md","83cd779c6527ff34184dc86f9eebfc0a8a921aee694f063208aee78f80a8fb12"
"md","deep-dive-instructions","bmm","bmm/workflows/document-project/workflows/deep-dive-instructions.md","e0d6c3e7103dbff35e1faee7a6dc90db75049344644ad9d90321cb65f2b8d500"
"md","deep-dive-template","bmm","bmm/workflows/document-project/templates/deep-dive-template.md","6198aa731d87d6a318b5b8d180fc29b9aa53ff0966e02391c17333818e94ffe9"
"md","deep-dive-workflow","bmm","bmm/workflows/document-project/workflows/deep-dive-workflow.md","cb9cc1731b606c2d147ed4dbb988d2b6658f3330fcc84cc2c71b7e3d9082cd20"
"md","discover-inputs","bmm","bmm/workflows/4-implementation/code-review/discover-inputs.md","dfedba6a8ea05c9a91c6d202c4b29ee3ea793d8ef77575034787ae0fef280507"
"md","discover-inputs","bmm","bmm/workflows/4-implementation/create-story/discover-inputs.md","dfedba6a8ea05c9a91c6d202c4b29ee3ea793d8ef77575034787ae0fef280507"
"md","epics-template","bmm","bmm/workflows/3-solutioning/create-epics-and-stories/templates/epics-template.md","a804f740155156d89661fa04e7a4264a8f712c4dc227c44fd8ae804a9b0f6b72"
"md","full-scan-instructions","bmm","bmm/workflows/document-project/workflows/full-scan-instructions.md","bda383bac15425367ccb2b0ab4c9c8e75021a89bb2825c5513193cbb065d8e43"
"md","full-scan-workflow","bmm","bmm/workflows/document-project/workflows/full-scan-workflow.md","906d46349ac14a59c7a71133dc39acebbcf3b046e1c65d96012f25aabc35e4de"
"md","index-template","bmm","bmm/workflows/document-project/templates/index-template.md","42c8a14f53088e4fda82f26a3fe41dc8a89d4bcb7a9659dd696136378b64ee90"
"md","instructions","bmm","bmm/workflows/document-project/instructions.md","420dc9ec1aa4ff79d252c5a32258b03c68c326534267b4258f30069c3cfcb0dc"
"md","prd-purpose","bmm","bmm/workflows/2-plan-workflows/create-prd/data/prd-purpose.md","49c4641b91504bb14e3887029b70beacaff83a2de200ced4f8cb11c1356ecaee"
"md","prd-template","bmm","bmm/workflows/2-plan-workflows/create-prd/templates/prd-template.md","7ccccab9c06a626b7a228783b0b9b6e4172e9ec0b10d47bbfab56958c898f837"
"md","product-brief.template","bmm","bmm/workflows/1-analysis/create-product-brief/product-brief.template.md","ae0f58b14455efd75a0d97ba68596a3f0b58f350cd1a0ee5b1af69540f949781"
"md","project-context-template","bmm","bmm/data/project-context-template.md","facd60b71649247146700b1dc7d709fa0ae09487f7cf2b5ff8f5ce1b3a8427e8"
"md","project-context-template","bmm","bmm/workflows/generate-project-context/project-context-template.md","54e351394ceceb0ac4b5b8135bb6295cf2c37f739c7fd11bb895ca16d79824a5"
"md","project-overview-template","bmm","bmm/workflows/document-project/templates/project-overview-template.md","a7c7325b75a5a678dca391b9b69b1e3409cfbe6da95e70443ed3ace164e287b2"
"md","readiness-report-template","bmm","bmm/workflows/3-solutioning/check-implementation-readiness/templates/readiness-report-template.md","0da97ab1e38818e642f36dc0ef24d2dae69fc6e0be59924dc2dbf44329738ff6"
"md","research.template","bmm","bmm/workflows/1-analysis/research/research.template.md","507bb6729476246b1ca2fca4693986d286a33af5529b6cd5cb1b0bb5ea9926ce"
"md","SKILL","bmm","bmm/workflows/bmad-quick-flow/bmad-quick-dev-new-preview/SKILL.md","85bea3740a3a65ea489f28add1add9177489108d43ffab2b2d2cc62cd7afff15"
"md","source-tree-template","bmm","bmm/workflows/document-project/templates/source-tree-template.md","109bc335ebb22f932b37c24cdc777a351264191825444a4d147c9b82a1e2ad7a"
"md","step-01-clarify-and-route","bmm","bmm/workflows/bmad-quick-flow/bmad-quick-dev-new-preview/steps/step-01-clarify-and-route.md","6999fcbbdc0192478ca41d79cdca5d568d21920519add3bb2f2390cf9fcbaace"
"md","step-01-discover","bmm","bmm/workflows/generate-project-context/steps/step-01-discover.md","4fa1d13ec3c6db8560b6b1316b822ec2163a58b114b44e9aff733b171ef50ebe"
"md","step-01-document-discovery","bmm","bmm/workflows/3-solutioning/check-implementation-readiness/steps/step-01-document-discovery.md","9204972d801c28a76433230942c81bacc171e6b6951d3226cea9e7ca5c9310f1"
"md","step-01-init","bmm","bmm/workflows/1-analysis/create-product-brief/steps/step-01-init.md","1d8a0a692c78b01535fad65b18c178a566ffa4c62d5b920c7cadea23ceb9697a"
"md","step-01-init","bmm","bmm/workflows/1-analysis/research/domain-steps/step-01-init.md","b21ec2af60870caba5447183424b720e98d1b9232526d26b8d7b11e9f165c52c"
"md","step-01-init","bmm","bmm/workflows/1-analysis/research/market-steps/step-01-init.md","b2b030bc59dfe516e67f19d66f9c6d44d745343ccf2d726d4106290704aecdbd"
"md","step-01-init","bmm","bmm/workflows/1-analysis/research/technical-steps/step-01-init.md","aa809f6b4f152940792f7b4d95f424aaf8c9ebd7628f553486d1bd55b68f9567"
"md","step-01-init","bmm","bmm/workflows/2-plan-workflows/create-prd/steps-c/step-01-init.md","6ad502fa5bf5639eaf6a42e8f0bc0f2b811e0a3fd2ae3a24ed3333365f99e23c"
"md","step-01-init","bmm","bmm/workflows/2-plan-workflows/create-ux-design/steps/step-01-init.md","e76defb842ed5478ec16b35d6566f5ab7ecd8118b92b240a40ab9a7a1e7d3d0b"
"md","step-01-init","bmm","bmm/workflows/3-solutioning/create-architecture/steps/step-01-init.md","b270fd38b2144acb87e07c7496929ddd096717fc6f141736c2e9d1f574458314"
"md","step-01-mode-detection","bmm","bmm/workflows/bmad-quick-flow/quick-dev/steps/step-01-mode-detection.md","4c3843e94643e8231adf460554d39551b0dcbd21ea875c20e55373f91d91381f"
"md","step-01-understand","bmm","bmm/workflows/bmad-quick-flow/quick-spec/steps/step-01-understand.md","24c2d3d3703a9330994a7008a93327702f9551453b0d373476ee83e15d10a514"
"md","step-01-validate-prerequisites","bmm","bmm/workflows/3-solutioning/create-epics-and-stories/steps/step-01-validate-prerequisites.md","e33db08b1557e4b2fd202dc81b71d6b219e098fb38f354c1a4c05d28b034cfc0"
"md","step-01b-continue","bmm","bmm/workflows/1-analysis/create-product-brief/steps/step-01b-continue.md","c32490fda5f5a3d5c278baad8e9f4bd793e03429a5bf42c31719e0d90c9a3973"
"md","step-01b-continue","bmm","bmm/workflows/2-plan-workflows/create-prd/steps-c/step-01b-continue.md","5afc3f34f6089a03e9c9a88f13cb41617a7ef163db15c2b39b31ab6908bfa7d6"
"md","step-01b-continue","bmm","bmm/workflows/2-plan-workflows/create-ux-design/steps/step-01b-continue.md","07703fb9ddacf143e7f9cd21e69edc7cf087052d1dc5841674c122d18bb3b956"
"md","step-01b-continue","bmm","bmm/workflows/3-solutioning/create-architecture/steps/step-01b-continue.md","438f14332117c74e5d12f7630690ada4eae4fdcd04e4f47dc689915fe757f101"
"md","step-02-context","bmm","bmm/workflows/3-solutioning/create-architecture/steps/step-02-context.md","751a3ee7e0a0a2a841cdf4229fee83ab1ec087c046d46ff9c663af913c37386f"
"md","step-02-context-gathering","bmm","bmm/workflows/bmad-quick-flow/quick-dev/steps/step-02-context-gathering.md","1c4df806dea12554aae0240e5baf5c1cffa5948d0998c8e2c4a93df40d7c42ef"
"md","step-02-customer-behavior","bmm","bmm/workflows/1-analysis/research/market-steps/step-02-customer-behavior.md","93d20ddbd5506bc1d604c3ce56b42185bfe6f34402c45760e4cb7bec627f52e9"
"md","step-02-design-epics","bmm","bmm/workflows/3-solutioning/create-epics-and-stories/steps/step-02-design-epics.md","4530ccd0ca4d3de39730968f060241d4ae0f134915cb000318f6cf6d9aadfd80"
"md","step-02-discovery","bmm","bmm/workflows/2-plan-workflows/create-prd/steps-c/step-02-discovery.md","8e7b79a03be7bde381982a10bde24ee75d0da7232689b8aab57a2084434cfbcc"
"md","step-02-discovery","bmm","bmm/workflows/2-plan-workflows/create-ux-design/steps/step-02-discovery.md","870c7bd11c00828b74fd36578dd954f9888237a8f769fb8626f3aa53ee7298f9"
"md","step-02-domain-analysis","bmm","bmm/workflows/1-analysis/research/domain-steps/step-02-domain-analysis.md","9c4eabbed87b6bfc4636c98e96e551f69af7ef78a92b3f99ac6faa90a921c4c5"
"md","step-02-generate","bmm","bmm/workflows/generate-project-context/steps/step-02-generate.md","3ac1c48f96c0a57ebafd7610b6868acaa321fad502a79f85633aea4580722dc8"
"md","step-02-investigate","bmm","bmm/workflows/bmad-quick-flow/quick-spec/steps/step-02-investigate.md","bacc264e95c273d17c7f9ffcf820b5924bab48e04824da69f125aadb86d70273"
"md","step-02-plan","bmm","bmm/workflows/bmad-quick-flow/bmad-quick-dev-new-preview/steps/step-02-plan.md","7867132934b97f7dca7a38d3070ac50f5e3f382e09046f609463a7d5a2987f6a"
"md","step-02-prd-analysis","bmm","bmm/workflows/3-solutioning/check-implementation-readiness/steps/step-02-prd-analysis.md","f8c4f293c0a040fa9f73829ffeabfa073d0a8ade583adaefb26431ec83a76398"
"md","step-02-technical-overview","bmm","bmm/workflows/1-analysis/research/technical-steps/step-02-technical-overview.md","a8b8c49649087e8d5afa278840bfe3ed2e8203c820dbe7878ac7571956d940e0"
"md","step-02-vision","bmm","bmm/workflows/1-analysis/create-product-brief/steps/step-02-vision.md","569aebbe151edc3e5c66c7ced0be1629fee5a8530c8e06a35b9d6339c157b11f"
"md","step-02b-vision","bmm","bmm/workflows/2-plan-workflows/create-prd/steps-c/step-02b-vision.md","2a86c28577961a8fc03a0076a7746a78b497389f917be472032638e759f0e64d"
"md","step-02c-executive-summary","bmm","bmm/workflows/2-plan-workflows/create-prd/steps-c/step-02c-executive-summary.md","94381d8cca5e9e84571c23e31ccb3d94e9c0788d53e172548a43f0817dc708fd"
"md","step-03-competitive-landscape","bmm","bmm/workflows/1-analysis/research/domain-steps/step-03-competitive-landscape.md","93b8fb9b174cc8dca87bd18dafda7a6ee23727874e7eb86106fd40d7daeb6fb0"
"md","step-03-complete","bmm","bmm/workflows/generate-project-context/steps/step-03-complete.md","cf8d1d1904aeddaddb043c3c365d026cd238891cd702c2b78bae032a8e08ae17"
"md","step-03-core-experience","bmm","bmm/workflows/2-plan-workflows/create-ux-design/steps/step-03-core-experience.md","75769a768fc2c4341ce9abab76184ad3d050fbc75d2a89a04faf1a307690aba6"
"md","step-03-create-stories","bmm","bmm/workflows/3-solutioning/create-epics-and-stories/steps/step-03-create-stories.md","d49ad895ac9c095a28e46e9bc4433fadec0095a4e603027e98559430fb57770e"
"md","step-03-customer-pain-points","bmm","bmm/workflows/1-analysis/research/market-steps/step-03-customer-pain-points.md","4a224fb63d2814a1e2df9b82e42cb2573dc7ffacdf4e61a14a4763c433431a16"
"md","step-03-epic-coverage-validation","bmm","bmm/workflows/3-solutioning/check-implementation-readiness/steps/step-03-epic-coverage-validation.md","f425bcac163b9ea63a004039ff65fffea3499d9e01a2821bb11e0e17e6b6fc52"
"md","step-03-execute","bmm","bmm/workflows/bmad-quick-flow/quick-dev/steps/step-03-execute.md","852fe6239e0322081d5208be4737bad0c15ab08f0c8b93fbddb94491b9931a01"
"md","step-03-generate","bmm","bmm/workflows/bmad-quick-flow/quick-spec/steps/step-03-generate.md","19f5d60629298536f98f1ed1025002836e02a49a30aebed0ed300a40f64f5dd6"
"md","step-03-implement","bmm","bmm/workflows/bmad-quick-flow/bmad-quick-dev-new-preview/steps/step-03-implement.md","6b3ef70305f5feb6dec051e180ce5a71e1e94bbaf8ef0551fca38aa6967dce2e"
"md","step-03-integration-patterns","bmm","bmm/workflows/1-analysis/research/technical-steps/step-03-integration-patterns.md","bb034b20b8c325c1948aa1c7350f0b7e68601a08ec72eb09884e4dae5d94554d"
"md","step-03-starter","bmm","bmm/workflows/3-solutioning/create-architecture/steps/step-03-starter.md","7e3468c11ec4fa7ab7e3b4e3615e9212bb5b6f1b344a7e7d9a503f12d499826d"
"md","step-03-success","bmm","bmm/workflows/2-plan-workflows/create-prd/steps-c/step-03-success.md","3f38ede1f4b2a8e498fc9be06d0ff09d907fc4b5521c26022ee5518e68d7bee9"
"md","step-03-users","bmm","bmm/workflows/1-analysis/create-product-brief/steps/step-03-users.md","4d65c289bab5746e725f74180c6d943f75cd964388d645fbf0d029c853a42200"
"md","step-04-architectural-patterns","bmm","bmm/workflows/1-analysis/research/technical-steps/step-04-architectural-patterns.md","81e4e6f5c6048379ea45d0d4288a7247ff46855653ec6fccf5bbef0e78778ca9"
"md","step-04-customer-decisions","bmm","bmm/workflows/1-analysis/research/market-steps/step-04-customer-decisions.md","8a0c46828854693a7de16e148c3c9eb08b42409a2676b9a44b3cdffe06a577b3"
"md","step-04-decisions","bmm","bmm/workflows/3-solutioning/create-architecture/steps/step-04-decisions.md","9a7c315db9fa2c906e6cb22ddc592f4f9607128dd8e729a8edc820143b36773a"
"md","step-04-emotional-response","bmm","bmm/workflows/2-plan-workflows/create-ux-design/steps/step-04-emotional-response.md","613bd3d350e0e645b74bf9c2490eba612fdf06cac40e53f2e2034d075689542e"
"md","step-04-final-validation","bmm","bmm/workflows/3-solutioning/create-epics-and-stories/steps/step-04-final-validation.md","ef2a8a889e1a74a092643ba5b72cfc4be0d33746bce16b57f2b8dcd4de64428f"
"md","step-04-journeys","bmm","bmm/workflows/2-plan-workflows/create-prd/steps-c/step-04-journeys.md","f3eecf7116bf38db9de745c912bb93bc540d3a327c090c9748e29f43deff75e6"
"md","step-04-metrics","bmm","bmm/workflows/1-analysis/create-product-brief/steps/step-04-metrics.md","84355180448bd75e0127f9ab468baf180767e4a4dbd1802e9279d0b4e79e79e0"
"md","step-04-regulatory-focus","bmm","bmm/workflows/1-analysis/research/domain-steps/step-04-regulatory-focus.md","179a82a4fdc32274a2ad3ce501b1b54ca1925b7ce9bcaad35503a9dd080e866a"
"md","step-04-review","bmm","bmm/workflows/bmad-quick-flow/bmad-quick-dev-new-preview/steps/step-04-review.md","26b2636cce55826cbefac196d23bd2de553fe7cca76607de7fa66019e08147b1"
"md","step-04-review","bmm","bmm/workflows/bmad-quick-flow/quick-spec/steps/step-04-review.md","d1e55010e16cf8b312c73ac943c4d684d817dafe1f5438979ac1c8abc1f129c1"
"md","step-04-self-check","bmm","bmm/workflows/bmad-quick-flow/quick-dev/steps/step-04-self-check.md","0dde0d5c75c3884d6b4d3380263721ad63e02c3d438a100cba3d5da4957c271b"
"md","step-04-ux-alignment","bmm","bmm/workflows/3-solutioning/check-implementation-readiness/steps/step-04-ux-alignment.md","d2e15adf2aecc2c72f9bb9051e94042fc522fd7cfb16376f41bdcdd294319703"
"md","step-05-adversarial-review","bmm","bmm/workflows/bmad-quick-flow/quick-dev/steps/step-05-adversarial-review.md","d02ed95c44c3355e766dc1a9d1a7bb199dadc01752c031e23fa1e7719010e611"
"md","step-05-competitive-analysis","bmm","bmm/workflows/1-analysis/research/market-steps/step-05-competitive-analysis.md","ff6f606a80ffaf09aa325e38a4ceb321b97019e6542241b2ed4e8eb38b35efa8"
"md","step-05-domain","bmm","bmm/workflows/2-plan-workflows/create-prd/steps-c/step-05-domain.md","ad688aa386a7563eed1e69c6e270bcf0b4c64a7fcf3bc17962d96b23244549ba"
"md","step-05-epic-quality-review","bmm","bmm/workflows/3-solutioning/check-implementation-readiness/steps/step-05-epic-quality-review.md","e7fd60676d6ade485de77ce2dd4229811912594cb924d6c15bae5d9bdf105a7d"
"md","step-05-implementation-research","bmm","bmm/workflows/1-analysis/research/technical-steps/step-05-implementation-research.md","438a235bcb2dbbacb4c38d440b1636a208d4cbe8b5d109cb850cbdfb564b9071"
"md","step-05-inspiration","bmm","bmm/workflows/2-plan-workflows/create-ux-design/steps/step-05-inspiration.md","2477888ca617dabef85e0cc3be7dd769e7bd6187b61a40f74f75286ff08a976a"
"md","step-05-patterns","bmm","bmm/workflows/3-solutioning/create-architecture/steps/step-05-patterns.md","a579d9af712a5c28af03786f4b4d6d3e65047e6708cd3f3d7e838d182b6ffb5e"
"md","step-05-present","bmm","bmm/workflows/bmad-quick-flow/bmad-quick-dev-new-preview/steps/step-05-present.md","3c4beff4af407440b6b9709172cc402f50bc9c86112156ed32a21e9bdfb69153"
"md","step-05-scope","bmm","bmm/workflows/1-analysis/create-product-brief/steps/step-05-scope.md","7873df1475b18dfc0a9f5c53e160e31a522b316600ddfe0322d44ba78068b1b3"
"md","step-05-technical-trends","bmm","bmm/workflows/1-analysis/research/domain-steps/step-05-technical-trends.md","210ef479757881d418db392ac38442d4df9033dedab7bdf8965503a83430ab55"
"md","step-06-complete","bmm","bmm/workflows/1-analysis/create-product-brief/steps/step-06-complete.md","f48a5284328b02a131585a84f3b8e3aff11902f51a619e0db056c71713fcfa09"
"md","step-06-design-system","bmm","bmm/workflows/2-plan-workflows/create-ux-design/steps/step-06-design-system.md","aa4e824cc79d81e15830eba2c51160900c2fd11eb4c631b78dd9d7b6e663019a"
"md","step-06-final-assessment","bmm","bmm/workflows/3-solutioning/check-implementation-readiness/steps/step-06-final-assessment.md","c45f5aabaf942ebb34ceb061246a886f8aa6e02df24d4556c40fe5fa3d2c0005"
"md","step-06-innovation","bmm","bmm/workflows/2-plan-workflows/create-prd/steps-c/step-06-innovation.md","2b67089e90777241be0dd120729ee8e4173569ac391d58127ffdab18beac6bbd"
"md","step-06-research-completion","bmm","bmm/workflows/1-analysis/research/market-steps/step-06-research-completion.md","ddc239b81dc76148b5b41741b3ca0d6d4a1f781e1db5e50d2c6b4222dd64eda9"
"md","step-06-research-synthesis","bmm","bmm/workflows/1-analysis/research/domain-steps/step-06-research-synthesis.md","ae7ea9eec7f763073e4e1ec7ef0dd247a2c9c8f8172c84cbcb0590986c67caa2"
"md","step-06-research-synthesis","bmm","bmm/workflows/1-analysis/research/technical-steps/step-06-research-synthesis.md","01d94ed48e86317754d1dafb328d57bd1ce8832c1f443bfd62413bbd07dcf3a1"
"md","step-06-resolve-findings","bmm","bmm/workflows/bmad-quick-flow/quick-dev/steps/step-06-resolve-findings.md","e657af6e3687e15852c860f018b73aa263bdcf6b9d544771a8c0c715581a2c99"
"md","step-06-structure","bmm","bmm/workflows/3-solutioning/create-architecture/steps/step-06-structure.md","23b8ffad4b7b0098b507cc397c15ca315e706daa9e0a37a0cd9e8c3a5190a46e"
"md","step-07-defining-experience","bmm","bmm/workflows/2-plan-workflows/create-ux-design/steps/step-07-defining-experience.md","f5421f2aab834d0b7fc7c57a48a30bf902f71322c96af989194dbe310a20ea57"
"md","step-07-project-type","bmm","bmm/workflows/2-plan-workflows/create-prd/steps-c/step-07-project-type.md","9310917946b9aaf52a98b838978c740d4d269b2589f9837ed1389a9731d64f4f"
"md","step-07-validation","bmm","bmm/workflows/3-solutioning/create-architecture/steps/step-07-validation.md","5012fa4e5477f0eeb39826fbfbfc19e7337c332a45e60d17852473a225624428"
"md","step-08-complete","bmm","bmm/workflows/3-solutioning/create-architecture/steps/step-08-complete.md","2bdb9f1a149eb8e075c734f086b977709baeeb3d7ca0c2c998997e3c0ce2f532"
"md","step-08-scoping","bmm","bmm/workflows/2-plan-workflows/create-prd/steps-c/step-08-scoping.md","be239ea04c8caa5b97974e7f7bb68054d71b3fce05af608c237d17d4ae2a1829"
"md","step-08-visual-foundation","bmm","bmm/workflows/2-plan-workflows/create-ux-design/steps/step-08-visual-foundation.md","9e9f5ac0f61f915aba59ed9fe9eb2859313408982be73f067d489207e41835ec"
"md","step-09-design-directions","bmm","bmm/workflows/2-plan-workflows/create-ux-design/steps/step-09-design-directions.md","5b762b019a7da8c6e667f4fe77291f23039630ff6bee6c2e1dd34622bef6c415"
"md","step-09-functional","bmm","bmm/workflows/2-plan-workflows/create-prd/steps-c/step-09-functional.md","c23b3279f361f4bdc26b7580647ce08de9c5087ee8b591482f9677b1256ac066"
"md","step-10-nonfunctional","bmm","bmm/workflows/2-plan-workflows/create-prd/steps-c/step-10-nonfunctional.md","778a4d276ca95da5e0ad307f3e996daab1fb55043489e26480c881b52d809ca0"
"md","step-10-user-journeys","bmm","bmm/workflows/2-plan-workflows/create-ux-design/steps/step-10-user-journeys.md","9de59d4694388e779b06b65eb6cd2a8d2b511fb4ca01a37656f0810c592df697"
"md","step-11-component-strategy","bmm","bmm/workflows/2-plan-workflows/create-ux-design/steps/step-11-component-strategy.md","1a5368437a5ab59a2632487c942c1fdbf96573c1cf8d3e34ad96268d36d21d38"
"md","step-11-polish","bmm","bmm/workflows/2-plan-workflows/create-prd/steps-c/step-11-polish.md","ad03456ac6dce64742f7a72f45b1d1d0ddc982cfe76ae768df18a2fe2d352812"
"md","step-12-complete","bmm","bmm/workflows/2-plan-workflows/create-prd/steps-c/step-12-complete.md","c33b9aa62e0bd3a555bc502187d14538ad6a09fce52c6087b02c89425a2e19d0"
"md","step-12-ux-patterns","bmm","bmm/workflows/2-plan-workflows/create-ux-design/steps/step-12-ux-patterns.md","6c06322fb09eca02ebb2fd0aaf900f83a17315e7dd9c076fdb18f966d34eb449"
"md","step-13-responsive-accessibility","bmm","bmm/workflows/2-plan-workflows/create-ux-design/steps/step-13-responsive-accessibility.md","eedb812af0fc1be10beb1b2f508344129c73b60e908a9c51fa99df6887452024"
"md","step-14-complete","bmm","bmm/workflows/2-plan-workflows/create-ux-design/steps/step-14-complete.md","86f794d384c767df35769a804b04b721fc93bab86a108990dc7abaf25a03ecab"
"md","step-e-01-discovery","bmm","bmm/workflows/2-plan-workflows/create-prd/steps-e/step-e-01-discovery.md","605740eae1d335846993d3968abf86a1b169a9035d5ce0c8c6296b9ded8c0df2"
"md","step-e-01b-legacy-conversion","bmm","bmm/workflows/2-plan-workflows/create-prd/steps-e/step-e-01b-legacy-conversion.md","e6bbe9020e6986a620fc0299a48e6c31c9d1ec14691df11be71baeb79837bc92"
"md","step-e-02-review","bmm","bmm/workflows/2-plan-workflows/create-prd/steps-e/step-e-02-review.md","c38392c68f4fa4d4c62190b2487007478785932e63e1f846f6ce3ac49748d6d3"
"md","step-e-03-edit","bmm","bmm/workflows/2-plan-workflows/create-prd/steps-e/step-e-03-edit.md","dfcc3e4f0b1ec050d4985af04dc02b28174a995e95327ca01ae4b8cac10cc1e5"
"md","step-e-04-complete","bmm","bmm/workflows/2-plan-workflows/create-prd/steps-e/step-e-04-complete.md","a1100f8639120311cbaf5a5a880db4e137216bc4bd0110b0926004107a99d3c3"
"md","step-v-01-discovery","bmm","bmm/workflows/2-plan-workflows/create-prd/steps-v/step-v-01-discovery.md","690ea262af11533cf41158bd469f45d18f7b48208678fa9cabbb20a20ee32ebc"
"md","step-v-02-format-detection","bmm","bmm/workflows/2-plan-workflows/create-prd/steps-v/step-v-02-format-detection.md","251ea5a1cf7779db2dc39d5d8317976a27f84b421359c1974ae96c0943094341"
"md","step-v-02b-parity-check","bmm","bmm/workflows/2-plan-workflows/create-prd/steps-v/step-v-02b-parity-check.md","3481beae212bb0140c105d0ae87bb9714859c93a471048048512fd1278da2fcd"
"md","step-v-03-density-validation","bmm","bmm/workflows/2-plan-workflows/create-prd/steps-v/step-v-03-density-validation.md","5b95ecd032fb65f86b7eee7ce7c30c997dc2a8b5e4846d88c2853538591a9e40"
"md","step-v-04-brief-coverage-validation","bmm","bmm/workflows/2-plan-workflows/create-prd/steps-v/step-v-04-brief-coverage-validation.md","97eb248c7d67e6e5121dd0b020409583998fba433799ea4c5c8cb40c7ff9c7c1"
"md","step-v-05-measurability-validation","bmm","bmm/workflows/2-plan-workflows/create-prd/steps-v/step-v-05-measurability-validation.md","2f331ee6d4f174dec0e4b434bf7691bfcf3a13c6ee0c47a65989badaa6b6a28c"
"md","step-v-06-traceability-validation","bmm","bmm/workflows/2-plan-workflows/create-prd/steps-v/step-v-06-traceability-validation.md","970ea67486211a611a701e1490ab7e8f2f98060a9f78760b6ebfdb9f37743c74"
"md","step-v-07-implementation-leakage-validation","bmm","bmm/workflows/2-plan-workflows/create-prd/steps-v/step-v-07-implementation-leakage-validation.md","f75d1d808fdf3d61b15bea55418b82df747f45902b6b22fe541e83b4ea3fa465"
"md","step-v-08-domain-compliance-validation","bmm","bmm/workflows/2-plan-workflows/create-prd/steps-v/step-v-08-domain-compliance-validation.md","a1902baaf4eaaf946e5c2c2101a1ac46f8ee4397e599218b8dc030cd00c97512"
"md","step-v-09-project-type-validation","bmm","bmm/workflows/2-plan-workflows/create-prd/steps-v/step-v-09-project-type-validation.md","d53e95264625335184284d3f9d0fc6e7674f67bdf97e19362fc33df4bea7f096"
"md","step-v-10-smart-validation","bmm","bmm/workflows/2-plan-workflows/create-prd/steps-v/step-v-10-smart-validation.md","7f542991658eea079964d302eca16bb16e90e78d5b9f654229461d5fb3623df8"
"md","step-v-11-holistic-quality-validation","bmm","bmm/workflows/2-plan-workflows/create-prd/steps-v/step-v-11-holistic-quality-validation.md","b2176b9a8ae29c8edac62647084e3ff0eb2135382ada5cb5b47797f7a14ec345"
"md","step-v-12-completeness-validation","bmm","bmm/workflows/2-plan-workflows/create-prd/steps-v/step-v-12-completeness-validation.md","c966933a0ca3753db75591325cef4d4bdaf9639a1a63f9438758d32f7e1a1dda"
"md","step-v-13-report-complete","bmm","bmm/workflows/2-plan-workflows/create-prd/steps-v/step-v-13-report-complete.md","920b8dca01073fca21e94d37260c5d2b668b5c44497a9facf884259d5d80824c"
"md","tech-spec-template","bmm","bmm/workflows/bmad-quick-flow/bmad-quick-dev-new-preview/tech-spec-template.md","5d253f505d7584633efe55fe7b16a5bbd630708a075542a0e5f6b563ef1218b2"
"md","tech-spec-template","bmm","bmm/workflows/bmad-quick-flow/quick-spec/tech-spec-template.md","6e0ac4991508fec75d33bbe36197e1576d7b2a1ea7ceba656d616e7d7dadcf03"
"md","template","bmm","bmm/workflows/4-implementation/create-story/template.md","29ba697368d77e88e88d0e7ac78caf7a78785a7dcfc291082aa96a62948afb67"
"md","ux-design-template","bmm","bmm/workflows/2-plan-workflows/create-ux-design/ux-design-template.md","ffa4b89376cd9db6faab682710b7ce755990b1197a8b3e16b17748656d1fca6a"
"md","workflow","bmm","bmm/workflows/1-analysis/create-product-brief/workflow.md","3b0efaebdc6440dc75c6a24c17cbbf8dfb9583bf089f64408a4acf1674d483ad"
"md","workflow","bmm","bmm/workflows/2-plan-workflows/create-ux-design/workflow.md","21298564b342294f62339eda1b81aad392fca43e10e48f924a69cc3414dfb32d"
"md","workflow","bmm","bmm/workflows/3-solutioning/check-implementation-readiness/workflow.md","15ccd00030fa9cf406d50d6a2bd43a8966f1112a1d6fbc5be410c39f3f546a26"
"md","workflow","bmm","bmm/workflows/3-solutioning/create-architecture/workflow.md","4c1463096de99ed9130e73161744240a246bd08f6e6b72d1f2a2e606ac910394"
"md","workflow","bmm","bmm/workflows/3-solutioning/create-epics-and-stories/workflow.md","0e25a2680563be198875936db9c80c40f483b1e199050a89aef20ccb2a5b7377"
"md","workflow","bmm","bmm/workflows/4-implementation/code-review/workflow.md","e2a819c06263a22f912dbed0f7218913d737dd7e8651950fe4bdb67ec002ca29"
"md","workflow","bmm","bmm/workflows/4-implementation/correct-course/workflow.md","35694d88f34c47b5873d127bd824d731312a36e9ed5aaa0baaec13081da28f17"
"md","workflow","bmm","bmm/workflows/4-implementation/create-story/workflow.md","0d75fda6fb737445343e07b82b68449f14558d4aec13973f8e4c82d2c267d4f3"
"md","workflow","bmm","bmm/workflows/4-implementation/dev-story/workflow.md","0712a04f568d9badf8d6180fda381633d605aaed7be7a3734bb48734474a131b"
"md","workflow","bmm","bmm/workflows/4-implementation/retrospective/workflow.md","15a10c2fb84638b4199dc86d5a5d57be7de95332636c9b0b64dea84c8e0cb81a"
"md","workflow","bmm","bmm/workflows/4-implementation/sprint-planning/workflow.md","f55bcdf4aec667a9e48449299af38c10f686743f356fa348d3f432e236eccf63"
"md","workflow","bmm","bmm/workflows/4-implementation/sprint-status/workflow.md","240d612a1405967ac09fb1fa37cb483d2876c0a5c2722dff7e1dacd44e1c0627"
"md","workflow","bmm","bmm/workflows/bmad-quick-flow/bmad-quick-dev-new-preview/workflow.md","f1b9a75d5d3f783eeb87d40ed1f8e03b601b8f28bfca54ccc8751e29954d2a08"
"md","workflow","bmm","bmm/workflows/bmad-quick-flow/quick-dev/workflow.md","58f4b07f5f89cf545720b21667d6b5effe6d3a587e2aae1dac669ddd51f66dd8"
"md","workflow","bmm","bmm/workflows/bmad-quick-flow/quick-spec/workflow.md","68fa7a13049bde191c0a1dcb02b3398cbf5f897964f09d193eee2d03f30885e7"
"md","workflow","bmm","bmm/workflows/document-project/workflow.md","36a81ba33624a6bd013286700bb6e48dc6447f54e623afa8cdc7ac515609b892"
"md","workflow","bmm","bmm/workflows/generate-project-context/workflow.md","cd5be4cd8e119c652680fd9c28add994be40c48e1fca1a78b31d10eb99a7a740"
"md","workflow","bmm","bmm/workflows/qa-generate-e2e-tests/workflow.md","8da478226943806db9b607469a2667292c19b62cebe6790bfbaf9d33166bc3bd"
"md","workflow-create-prd","bmm","bmm/workflows/2-plan-workflows/create-prd/workflow-create-prd.md","b4d7376adfa8a2ec5fd62da51d9b19d7da16411dcd43a81224652e784dd6646c"
"md","workflow-domain-research","bmm","bmm/workflows/1-analysis/research/workflow-domain-research.md","6f09e3bcbf6f156b9fb9477dfaf3c076f030fde3a39d8317bb2cf6316718658f"
"md","workflow-edit-prd","bmm","bmm/workflows/2-plan-workflows/create-prd/workflow-edit-prd.md","c1786ba087f0f3b2b819a58309cb0742b8a56eb94271fe870579561a721c7936"
"md","workflow-market-research","bmm","bmm/workflows/1-analysis/research/workflow-market-research.md","ad12c80e4848bee2cb20818af7970efee508abcc98b026c2f873d7fa6b5ad2a5"
"md","workflow-technical-research","bmm","bmm/workflows/1-analysis/research/workflow-technical-research.md","1b88ee75dbf6b45910d37885ebbfe7f7a6cf78215a2da9bc86067cb7a9ce4e94"
"md","workflow-validate-prd","bmm","bmm/workflows/2-plan-workflows/create-prd/workflow-validate-prd.md","fe170fe82e944eddd0fc25bf6554b5f38663907afa28e093d1c8140039c63af4"
"yaml","bmad-skill-manifest","bmm","bmm/agents/bmad-skill-manifest.yaml","973b7097e5504c980e7548bf71e1e296b4a6265f5f288a82f9930d65e15ddee9"
"yaml","bmad-skill-manifest","bmm","bmm/agents/tech-writer/bmad-skill-manifest.yaml","a46d895577ce3019fc6b5f5a4c76f58c53e669efd198df7feeeb1b26bd8be415"
"yaml","bmad-skill-manifest","bmm","bmm/workflows/1-analysis/create-product-brief/bmad-skill-manifest.yaml","42b3f3571fea49c442c71c311af493223664214f2a435242d522fe9c3e8f192c"
"yaml","bmad-skill-manifest","bmm","bmm/workflows/1-analysis/research/bmad-skill-manifest.yaml","dbd3f8bc37b868f5ce86c0e0ac6cfcd126a5ca3b9426712db1e248752ac1f252"
"yaml","bmad-skill-manifest","bmm","bmm/workflows/2-plan-workflows/create-prd/bmad-skill-manifest.yaml","f4f6ae2046d89f9c87d13b47ab77a4d26402f3e6c0ce5dec106361f54897e8b7"
"yaml","bmad-skill-manifest","bmm","bmm/workflows/2-plan-workflows/create-ux-design/bmad-skill-manifest.yaml","d1da4f5eeebb345e70feaaa2f6547d25fb5782703a7a893fc04f349e032778c7"
"yaml","bmad-skill-manifest","bmm","bmm/workflows/3-solutioning/check-implementation-readiness/bmad-skill-manifest.yaml","19b65a55a271e264532681d7d0f2abecbd5aa4c126558c49fc1c229776aeb388"
"yaml","bmad-skill-manifest","bmm","bmm/workflows/3-solutioning/create-architecture/bmad-skill-manifest.yaml","595c859cbcf14b408f4c3a09c7f31ce91a59eeb4ff77aaa52aaf9b731a9e7c58"
"yaml","bmad-skill-manifest","bmm","bmm/workflows/3-solutioning/create-epics-and-stories/bmad-skill-manifest.yaml","a17a1f0f8e2987bb468784218a254259f50f2b5e4692a56657de969118722ea5"
"yaml","bmad-skill-manifest","bmm","bmm/workflows/4-implementation/code-review/bmad-skill-manifest.yaml","4a9c72a8014f9a1038307233317bf44af3c44a08b4db853a4a876426c98a839b"
"yaml","bmad-skill-manifest","bmm","bmm/workflows/4-implementation/correct-course/bmad-skill-manifest.yaml","beda6984417f575c941bbbff2a7c4d1b6e9df842e26dc034d70918a9ebe5f9cc"
"yaml","bmad-skill-manifest","bmm","bmm/workflows/4-implementation/create-story/bmad-skill-manifest.yaml","f0738eabb5dd9597bd2abdaddf08869526cfab2c8f327d98d4b2ddabd937233f"
"yaml","bmad-skill-manifest","bmm","bmm/workflows/4-implementation/dev-story/bmad-skill-manifest.yaml","b9117960489c052f86cdfba018b2bf250fdc52013df7b7290b9b040cc8f76f71"
"yaml","bmad-skill-manifest","bmm","bmm/workflows/4-implementation/retrospective/bmad-skill-manifest.yaml","8332aecb7b8a20876ad36a50f5766f4e2eeef3516d049c9a11cc4895d2ed2e88"
"yaml","bmad-skill-manifest","bmm","bmm/workflows/4-implementation/sprint-planning/bmad-skill-manifest.yaml","c6960e1033df45a05ef0e74ac9097f0eab3b31786c3858d5282976905f77ff44"
"yaml","bmad-skill-manifest","bmm","bmm/workflows/4-implementation/sprint-status/bmad-skill-manifest.yaml","d3c0073f0a3de15353900408e111d6c1b69d4b837b712a6a7ce5609d2a29fe4b"
"yaml","bmad-skill-manifest","bmm","bmm/workflows/bmad-quick-flow/bmad-quick-dev-new-preview/bmad-skill-manifest.yaml","ea1b058a23cd4fb442f2e7bc7a3a871b73391c0d18c32ddad020dd56b20425ee"
"yaml","bmad-skill-manifest","bmm","bmm/workflows/bmad-quick-flow/quick-dev/bmad-skill-manifest.yaml","7a7957400ae5eecc030bb3e82b3639ff32d158fa78a694c0bf66d28cb07d9a5a"
"yaml","bmad-skill-manifest","bmm","bmm/workflows/bmad-quick-flow/quick-spec/bmad-skill-manifest.yaml","c1c96e0a08906c121fd9b47fac3e5b6a74e0d720a519af1ba725bce65574cc35"
"yaml","bmad-skill-manifest","bmm","bmm/workflows/document-project/bmad-skill-manifest.yaml","64fb7247c416196bbaa93aa562e574f2da02738380b5ed88136ae39943fcb735"
"yaml","bmad-skill-manifest","bmm","bmm/workflows/generate-project-context/bmad-skill-manifest.yaml","55b2795bcd52f8368ea9b5671d7102a0baf397e5443d8ea790221b3e0a08e8a5"
"yaml","bmad-skill-manifest","bmm","bmm/workflows/qa-generate-e2e-tests/bmad-skill-manifest.yaml","2949e748fc8fc003ca1c6ddb60cfd0c3e97deba0502fda261fba831a5adc3a0e"
"yaml","config","bmm","bmm/config.yaml","fd7f02b22e18dc9dda1d044eac6a39fca93b6e657882d1e661eddf120800a357"
"yaml","sprint-status-template","bmm","bmm/workflows/4-implementation/sprint-planning/sprint-status-template.yaml","b46a7bfb7d226f00bd064f111e527eee54ad470d177382a9a15f1a6dde21544c"
"yaml","team-fullstack","bmm","bmm/teams/team-fullstack.yaml","da8346b10dfad8e1164a11abeb3b0a84a1d8b5f04e01e8490a44ffca477a1b96"
"csv","brain-methods","core","core/workflows/bmad-brainstorming/brain-methods.csv","0ab5878b1dbc9e3fa98cb72abfc3920a586b9e2b42609211bb0516eefd542039"
"csv","methods","core","core/workflows/advanced-elicitation/methods.csv","e08b2e22fec700274982e37be608d6c3d1d4d0c04fa0bae05aa9dba2454e6141"
"csv","module-help","core","core/module-help.csv","7a8f0a0ef5446ce2bdfb5bb56a48e24a4f784f875ddffd6df500b3528d90222d"
"md","SKILL","core","core/tasks/bmad-editorial-review-prose/SKILL.md","84c66b7bcf23c38f2933823e9719eeac270c16a7d1cf002476d9fd3fb457d65b"
"md","SKILL","core","core/tasks/bmad-editorial-review-structure/SKILL.md","467da1b30b94d9c4856b12fc019f46514c11da30dd66785536f13a3a933e56c5"
"md","SKILL","core","core/tasks/bmad-help/SKILL.md","76e2e465a8f2726c135a3835c520ed2e8752b416a5199938e6226ce6a3dec64b"
"md","SKILL","core","core/tasks/bmad-index-docs/SKILL.md","8e4c962c18474b0d5296a1edb8cfd73df587a3b00bd8c57fa3c62ba3425fa418"
"md","SKILL","core","core/tasks/bmad-review-adversarial-general/SKILL.md","6efa7c2a3d787f7659fc694425080f383fa4a9aba969f47b4920dc027f33bcee"
"md","SKILL","core","core/tasks/bmad-review-edge-case-hunter/SKILL.md","d27d976de6244e37577e876992d5756c408c7cd4f357bef57f6bc593ad0c0d45"
"md","SKILL","core","core/tasks/bmad-shard-doc/SKILL.md","dee71f825fbc559034bb25340d3286b0167017a7e80148ac314d240e88f737eb"
"md","SKILL","core","core/workflows/bmad-brainstorming/SKILL.md","f1a7684fffc5cc53ed2c195f728e94fbb61a8587f00b0b1fe0babd5def28efdd"
"md","SKILL","core","core/workflows/bmad-party-mode/SKILL.md","0cf1d1915a9b64c0e09d20e8a873680f7dafc19918ab5617c8e39c5a6ee0152d"
"md","step-01-agent-loading","core","core/workflows/bmad-party-mode/steps/step-01-agent-loading.md","04ab6b6247564f7edcd5c503f5ca7d27ae688b09bbe2e24345550963a016e9f9"
"md","step-01-session-setup","core","core/workflows/bmad-brainstorming/steps/step-01-session-setup.md","a2376d8394fb84e3b5b45c7ecfe00c8f5ae0a0737f547d03108e735e41b99412"
"md","step-01b-continue","core","core/workflows/bmad-brainstorming/steps/step-01b-continue.md","bb88e341a25e5e33d533046470a6a4e828ff427066f49bf29ccd22c507c7f726"
"md","step-02-discussion-orchestration","core","core/workflows/bmad-party-mode/steps/step-02-discussion-orchestration.md","a8a79890bd03237e20f1293045ecf06f9a62bc590f5c2d4f88e250cee40abb0b"
"md","step-02a-user-selected","core","core/workflows/bmad-brainstorming/steps/step-02a-user-selected.md","558b162466745b92687a5d6e218f243a98436dd177b2d5544846c5ff4497cc94"
"md","step-02b-ai-recommended","core","core/workflows/bmad-brainstorming/steps/step-02b-ai-recommended.md","99aa935279889f278dcb2a61ba191600a18e9db356dd8ce62f0048d3c37c9531"
"md","step-02c-random-selection","core","core/workflows/bmad-brainstorming/steps/step-02c-random-selection.md","f188c260c321c7f026051fefcd267a26ee18ce2a07f64bab7f453c0c3e483316"
"md","step-02d-progressive-flow","core","core/workflows/bmad-brainstorming/steps/step-02d-progressive-flow.md","a28c7a3edf34ceb0eea203bf7dc80f39ca04974f6d1ec243f0a088281b2e55de"
"md","step-03-graceful-exit","core","core/workflows/bmad-party-mode/steps/step-03-graceful-exit.md","85e87df198fbb7ce1cf5e65937c4ad6f9ab51a2d80701979570f00519a2d9478"
"md","step-03-technique-execution","core","core/workflows/bmad-brainstorming/steps/step-03-technique-execution.md","1b0557e3114bf525779f4121b82d0046067a2a11e8052aad4c7a367270d45b7c"
"md","step-04-idea-organization","core","core/workflows/bmad-brainstorming/steps/step-04-idea-organization.md","cec7bc5c28248afb3282d7a5fcafed184371462417326dec38b89b157e2cffa6"
"md","template","core","core/workflows/bmad-brainstorming/template.md","5c99d76963eb5fc21db96c5a68f39711dca7c6ed30e4f7d22aedee9e8bb964f9"
"md","workflow","core","core/tasks/bmad-editorial-review-prose/workflow.md","998ad2589728fac834820639886744bb3d1606674a1b2a1ab0da47fae8eb3e50"
"md","workflow","core","core/tasks/bmad-editorial-review-structure/workflow.md","ea2ab3dc9e586b1cc962371eac3e894719752536d3d8b6d68892d5aa68a46505"
"md","workflow","core","core/tasks/bmad-help/workflow.md","e610f8be8f1a5742cea912378ffbe2f580b20ee5c6c6f13bdbbab61dd98ef567"
"md","workflow","core","core/tasks/bmad-index-docs/workflow.md","295495eb83ee0f167629b1eafb906e02eb7e151b2378f4858a1fd23c130c3bce"
"md","workflow","core","core/tasks/bmad-review-adversarial-general/workflow.md","dd6f172ecec5f5a3aa94904b96f53dbc0d8560e93aaf16f23b801c5649b2d798"
"md","workflow","core","core/tasks/bmad-review-edge-case-hunter/workflow.md","77b50cf0a221eb6ff90a824593feac4f04fc7f694d4791e0fa9599e5919b54aa"
"md","workflow","core","core/tasks/bmad-shard-doc/workflow.md","0188bc74dc52d7cdc45106fcb087eabbbc645b49f2ededb797d57bdde4e9b02d"
"md","workflow","core","core/workflows/advanced-elicitation/workflow.md","bcf942236820614f81df14e29a897c08539cb4fa1cd043795a741bed85e0bfb6"
"md","workflow","core","core/workflows/bmad-brainstorming/workflow.md","44d1a899fb50728bfbab489e562c0413fca925d0bb579a35379e642a5ae60cd0"
"md","workflow","core","core/workflows/bmad-party-mode/workflow.md","e4f7328ccac68ecb7fb346c6b8f4e2e52171b63cff9070c0b382124872e673cb"
"yaml","bmad-skill-manifest","core","core/agents/bmad-skill-manifest.yaml","8f998d8c2b4b37de894e302a79916826b390049d15f96c5a4c8f5440dedf6e86"
"yaml","bmad-skill-manifest","core","core/tasks/bmad-editorial-review-prose/bmad-skill-manifest.yaml","ea1b058a23cd4fb442f2e7bc7a3a871b73391c0d18c32ddad020dd56b20425ee"
"yaml","bmad-skill-manifest","core","core/tasks/bmad-editorial-review-structure/bmad-skill-manifest.yaml","ea1b058a23cd4fb442f2e7bc7a3a871b73391c0d18c32ddad020dd56b20425ee"
"yaml","bmad-skill-manifest","core","core/tasks/bmad-help/bmad-skill-manifest.yaml","ea1b058a23cd4fb442f2e7bc7a3a871b73391c0d18c32ddad020dd56b20425ee"
"yaml","bmad-skill-manifest","core","core/tasks/bmad-index-docs/bmad-skill-manifest.yaml","ea1b058a23cd4fb442f2e7bc7a3a871b73391c0d18c32ddad020dd56b20425ee"
"yaml","bmad-skill-manifest","core","core/tasks/bmad-review-adversarial-general/bmad-skill-manifest.yaml","ea1b058a23cd4fb442f2e7bc7a3a871b73391c0d18c32ddad020dd56b20425ee"
"yaml","bmad-skill-manifest","core","core/tasks/bmad-review-edge-case-hunter/bmad-skill-manifest.yaml","ea1b058a23cd4fb442f2e7bc7a3a871b73391c0d18c32ddad020dd56b20425ee"
"yaml","bmad-skill-manifest","core","core/tasks/bmad-shard-doc/bmad-skill-manifest.yaml","ea1b058a23cd4fb442f2e7bc7a3a871b73391c0d18c32ddad020dd56b20425ee"
"yaml","bmad-skill-manifest","core","core/workflows/advanced-elicitation/bmad-skill-manifest.yaml","f320bdb329e44f842e88cb9267555bdc023a581cd918abf6e7d7707be8060ba1"
"yaml","bmad-skill-manifest","core","core/workflows/bmad-brainstorming/bmad-skill-manifest.yaml","ea1b058a23cd4fb442f2e7bc7a3a871b73391c0d18c32ddad020dd56b20425ee"
"yaml","bmad-skill-manifest","core","core/workflows/bmad-party-mode/bmad-skill-manifest.yaml","ea1b058a23cd4fb442f2e7bc7a3a871b73391c0d18c32ddad020dd56b20425ee"
"yaml","config","core","core/config.yaml","ca4b5c822dc1de905cd8dc7f7fd9b86d6343c46fe04bd5347a226033d2aff571"
